{
  "achieve": {
    "brand_ctr": 0.14599229169558162,
    "brand_ev": 4.156724971888088,
    "brand_pos1_ctr": 0.47614100368740525
  },
  "amerisave": {
    "brand_ctr": 0.37037517024816363,
    "brand_ev": 16.39924521342888,
    "brand_pos1_ctr": 0.3771505675095982
  },
  "amone": {
    "brand_ctr": 0.10017499621071196,
    "brand_ev": 0.0,
    "brand_pos1_ctr": 0.19124317458408646
  },
  "aspire": {
    "brand_ctr": 0.12371207430066199,
    "brand_ev": 3.866002321895687,
    "brand_pos1_ctr": 0.4576486404394016
  },
  "aven": {
    "brand_ctr": 0.173709131693209,
    "brand_ev": 3.523500683871716,
    "brand_pos1_ctr": 0.46827323041192914
  },
  "bankrate": {
    "brand_ctr": 0.018541089450967312,
    "brand_ev": 0.06394027133519299,
    "brand_pos1_ctr": 0.21036749204249514
  },
  "figure": {
    "brand_ctr": 0.19370253322395342,
    "brand_ev": 9.940515396685642,
    "brand_pos1_ctr": 0.42560145042141634
  },
  "hometap": {
    "brand_ctr": 0.10518374602124755,
    "brand_ev": 0.0,
    "brand_pos1_ctr": 0.16182114772499626
  },
  "lendingtree": {
    "brand_ctr": 0.15345480602143727,
    "brand_ev": 2.234862857714669,
    "brand_pos1_ctr": 0.6525592574987215
  },
  "moneygroupexcellent": {
    "brand_ctr": 0.050178976204239854,
    "brand_ev": 0.5837183450085938,
    "brand_pos1_ctr": 0.5212245177004798
  },
  "moneygroupfair": {
    "brand_ctr": 0.12036264457215408,
    "brand_ev": 2.8035632269626354,
    "brand_pos1_ctr": 0.622859850729884
  },
  "moneygroupgood": {
    "brand_ctr": 0.09503396480073421,
    "brand_ev": 1.7669738178450358,
    "brand_pos1_ctr": 0.5072540514497412
  },
  "nada": {
    "brand_ctr": 0.19124317458408646,
    "brand_ev": 0.0,
    "brand_pos1_ctr": 0.21036749204249514
  },
  "newamericanfunding": {
    "brand_ctr": 0.18217016988179646,
    "brand_ev": 2.864865618983199,
    "brand_pos1_ctr": 0.46631334603142305
  },
  "pointcom": {
    "brand_ctr": 0.6653215791053572,
    "brand_ev": 13.979519560968594,
    "brand_pos1_ctr": 0.6711318240773622
  },
  "pointfair": {
    "brand_ctr": 0.3711024880028813,
    "brand_ev": 8.121079377348373,
    "brand_pos1_ctr": 0.5468504810354512
  },
  "quickenloans": {
    "brand_ctr": 0.0623463617895951,
    "brand_ev": 1.1776535004701296,
    "brand_pos1_ctr": 0.4247491167108818
  },
  "splitero": {
    "brand_ctr": 0.27629593650531187,
    "brand_ev": 0.0,
    "brand_pos1_ctr": 0.6034558306808316
  },
  "supermoney": {
    "brand_ctr": 0.4003189997551537,
    "brand_ev": 0.9382476556761415,
    "brand_pos1_ctr": 0.7711383327438885
  },
  "trovy": {
    "brand_ctr": 0.19124317458408646,
    "brand_ev": 0.0,
    "brand_pos1_ctr": 0.21036749204249514
  },
  "unlock": {
    "brand_ctr": 0.21684146996817,
    "brand_ev": 1.1143242206697626,
    "brand_pos1_ctr": 0.6619446372218277
  },
  "upstart": {
    "brand_ctr": 0.3289403497955378,
    "brand_ev": 3.8957231557787932,
    "brand_pos1_ctr": 0.5586280029983829
  }
}