{
  "achieve|3": {
    "brand_credit_ctr": 0.24808698042846444,
    "brand_credit_lift": 1.6993156114417831
  },
  "achieve|4": {
    "brand_credit_ctr": 0.18620601918109395,
    "brand_credit_lift": 1.2754510325063235
  },
  "achieve|5": {
    "brand_credit_ctr": 0.05852535496713496,
    "brand_credit_lift": 0.40087976075593174
  },
  "amerisave|1": {
    "brand_credit_ctr": 0.33670470022560334,
    "brand_credit_lift": 0.9090909090909092
  },
  "amerisave|2": {
    "brand_credit_ctr": 0.42761379113469417,
    "brand_credit_lift": 1.1545422735767594
  },
  "amerisave|3": {
    "brand_credit_ctr": 0.4010810544796697,
    "brand_credit_lift": 1.0829048130060448
  },
  "amerisave|4": {
    "brand_credit_ctr": 0.4441375881779738,
    "brand_credit_lift": 1.199155947415122
  },
  "amerisave|5": {
    "brand_credit_ctr": 0.2252600498112339,
    "brand_credit_lift": 0.6081942524934979
  },
  "amone|1": {
    "brand_credit_ctr": 0.0910681783733745,
    "brand_credit_lift": 0.909090909090909
  },
  "amone|3": {
    "brand_credit_ctr": 0.055652775672617755,
    "brand_credit_lift": 0.5555555555555556
  },
  "amone|4": {
    "brand_credit_ctr": 0.0910681783733745,
    "brand_credit_lift": 0.909090909090909
  },
  "amone|5": {
    "brand_credit_ctr": 0.0910681783733745,
    "brand_credit_lift": 0.909090909090909
  },
  "aspire|3": {
    "brand_credit_ctr": 0.0951631340774323,
    "brand_credit_lift": 0.7692307692307692
  },
  "aspire|4": {
    "brand_credit_ctr": 0.12598570167955978,
    "brand_credit_lift": 1.0183783789234033
  },
  "aspire|5": {
    "brand_credit_ctr": 0.11305654046372414,
    "brand_credit_lift": 0.913868279251051
  },
  "aven|3": {
    "brand_credit_ctr": 0.15791739244837183,
    "brand_credit_lift": 0.9090909090909092
  },
  "aven|4": {
    "brand_credit_ctr": 0.1607526458676906,
    "brand_credit_lift": 0.9254127534964536
  },
  "aven|5": {
    "brand_credit_ctr": 0.1745702337314689,
    "brand_credit_lift": 1.0049571489412583
  },
  "bankrate|3": {
    "brand_credit_ctr": 0.015450907875806094,
    "brand_credit_lift": 0.8333333333333334
  },
  "bankrate|4": {
    "brand_credit_ctr": 0.05330270474413837,
    "brand_credit_lift": 2.874842111360263
  },
  "bankrate|5": {
    "brand_credit_ctr": 0.011321857848274396,
    "brand_credit_lift": 0.6106360620402336
  },
  "figure|2": {
    "brand_credit_ctr": 0.17609321202177586,
    "brand_credit_lift": 0.9090909090909092
  },
  "figure|3": {
    "brand_credit_ctr": 0.2783586126275238,
    "brand_credit_lift": 1.4370416741307839
  },
  "figure|4": {
    "brand_credit_ctr": 0.14735660037970233,
    "brand_credit_lift": 0.7607365682168584
  },
  "figure|5": {
    "brand_credit_ctr": 0.09546376164998148,
    "brand_credit_lift": 0.4928369291877508
  },
  "hometap|1": {
    "brand_credit_ctr": 0.08765312168437296,
    "brand_credit_lift": 0.8333333333333334
  },
  "hometap|2": {
    "brand_credit_ctr": 0.05843541445624864,
    "brand_credit_lift": 0.5555555555555556
  },
  "lendingtree|2": {
    "brand_credit_ctr": 0.39849007077081994,
    "brand_credit_lift": 2.596791075511521
  },
  "lendingtree|3": {
    "brand_credit_ctr": 0.1938296459054645,
    "brand_credit_lift": 1.2631057373229937
  },
  "lendingtree|4": {
    "brand_credit_ctr": 0.09199863530919009,
    "brand_credit_lift": 0.5995161552407691
  },
  "lendingtree|5": {
    "brand_credit_ctr": 0.040995672188742845,
    "brand_credit_lift": 0.2671514386002081
  },
  "moneygroupexcellent|3": {
    "brand_credit_ctr": 0.035842125860171326,
    "brand_credit_lift": 0.7142857142857143
  },
  "moneygroupexcellent|4": {
    "brand_credit_ctr": 0.04561725109476351,
    "brand_credit_lift": 0.9090909090909092
  },
  "moneygroupexcellent|5": {
    "brand_credit_ctr": 0.04898657525334722,
    "brand_credit_lift": 0.9762370410659778
  },
  "moneygroupfair|3": {
    "brand_credit_ctr": 0.11998309779076281,
    "brand_credit_lift": 0.9968466397299559
  },
  "moneygroupfair|4": {
    "brand_credit_ctr": 0.1377266528575963,
    "brand_credit_lift": 1.1442640974462222
  },
  "moneygroupfair|5": {
    "brand_credit_ctr": 0.09258664967088776,
    "brand_credit_lift": 0.7692307692307693
  },
  "moneygroupgood|3": {
    "brand_credit_ctr": 0.059396228000458885,
    "brand_credit_lift": 0.625
  },
  "moneygroupgood|4": {
    "brand_credit_ctr": 0.0948910325992754,
    "brand_credit_lift": 0.9984959882315916
  },
  "moneygroupgood|5": {
    "brand_credit_ctr": 0.07919497066727851,
    "brand_credit_lift": 0.8333333333333334
  },
  "nada|3": {
    "brand_credit_ctr": 0.1738574314400786,
    "brand_credit_lift": 0.9090909090909091
  },
  "newamericanfunding|2": {
    "brand_credit_ctr": 0.16560924534708768,
    "brand_credit_lift": 0.9090909090909091
  },
  "newamericanfunding|3": {
    "brand_credit_ctr": 0.18376634412073453,
    "brand_credit_lift": 1.0087619956657765
  },
  "newamericanfunding|4": {
    "brand_credit_ctr": 0.15987719260951655,
    "brand_credit_lift": 0.8776255339348643
  },
  "newamericanfunding|5": {
    "brand_credit_ctr": 0.1301215499155689,
    "brand_credit_lift": 0.7142857142857143
  },
  "pointcom|1": {
    "brand_credit_ctr": 0.6527807985589902,
    "brand_credit_lift": 0.9811507984406123
  },
  "pointcom|2": {
    "brand_credit_ctr": 0.6775876896531348,
    "brand_credit_lift": 1.018436363606711
  },
  "pointcom|3": {
    "brand_credit_ctr": 0.4551071930351191,
    "brand_credit_lift": 0.6840409319762203
  },
  "pointcom|4": {
    "brand_credit_ctr": 0.6957468900957792,
    "brand_credit_lift": 1.0457302332374883
  },
  "pointfair|3": {
    "brand_credit_ctr": 0.37224125768017463,
    "brand_credit_lift": 1.003068612348631
  },
  "pointfair|4": {
    "brand_credit_ctr": 0.3172791600016007,
    "brand_credit_lift": 0.854963710184388
  },
  "pointfair|5": {
    "brand_credit_ctr": 0.3092520733357344,
    "brand_credit_lift": 0.8333333333333333
  },
  "quickenloans|3": {
    "brand_credit_ctr": 0.031173180894797547,
    "brand_credit_lift": 0.49999999999999994
  },
  "quickenloans|4": {
    "brand_credit_ctr": 0.07638218467817862,
    "brand_credit_lift": 1.2251265749227076
  },
  "quickenloans|5": {
    "brand_credit_ctr": 0.025196534167456985,
    "brand_credit_lift": 0.4041380033126809
  },
  "splitero|2": {
    "brand_credit_ctr": 0.45242151404050457,
    "brand_credit_lift": 1.6374526522644195
  },
  "splitero|3": {
    "brand_credit_ctr": 0.2184596724611606,
    "brand_credit_lift": 0.7906727663979258
  },
  "splitero|4": {
    "brand_credit_ctr": 0.2511781240957381,
    "brand_credit_lift": 0.9090909090909092
  },
  "supermoney|1": {
    "brand_credit_ctr": 0.39932829350700183,
    "brand_credit_lift": 0.9975252080247057
  },
  "supermoney|2": {
    "brand_credit_ctr": 0.4634924389646716,
    "brand_credit_lift": 1.1578077464426033
  },
  "supermoney|4": {
    "brand_credit_ctr": 0.3639263634137761,
    "brand_credit_lift": 0.9090909090909091
  },
  "trovy|3": {
    "brand_credit_ctr": 0.1738574314400786,
    "brand_credit_lift": 0.9090909090909091
  },
  "unlock|1": {
    "brand_credit_ctr": 0.2874328030579765,
    "brand_credit_lift": 1.3255435092750874
  },
  "unlock|2": {
    "brand_credit_ctr": 0.27617400091942407,
    "brand_credit_lift": 1.2736216968090257
  },
  "unlock|3": {
    "brand_credit_ctr": 0.18564362331306128,
    "brand_credit_lift": 0.8561260138123569
  },
  "unlock|4": {
    "brand_credit_ctr": 0.19712860906197271,
    "brand_credit_lift": 0.9090909090909091
  },
  "upstart|2": {
    "brand_credit_ctr": 0.389945772541398,
    "brand_credit_lift": 1.1854604422466866
  },
  "upstart|3": {
    "brand_credit_ctr": 0.3706927558273191,
    "brand_credit_lift": 1.1269300225944723
  },
  "upstart|4": {
    "brand_credit_ctr": 0.203230217013299,
    "brand_credit_lift": 0.6178330421902405
  }
}